nama_produk,harga,kategori
Laptop ASUS Vivobook 14,Rp 7.500.000,Laptop
Laptop Lenovo IdeaPad Slim 3,Rp 6.800.000,Laptop
Laptop Acer Aspire 5,Rp 8.200.000,Laptop
Laptop MSI Thin GF63,Rp 11.500.000,Laptop Gaming
Laptop HP Pavilion x360,Rp 9.900.000,Laptop
Laptop Apple MacBook Air M1,Rp 12.500.000,Laptop
Laptop Dell Inspiron 3520,Rp 7.100.000,Laptop
Laptop ASUS ROG Strix G15,Rp 15.800.000,Laptop Gaming
Laptop HP Victus 15,Rp 10.900.000,Laptop Gaming
Laptop Lenovo Legion 5,Rp 16.500.000,Laptop Gaming