Jenis atau Program Pelatihan,Nama Pelatihan atau Kursus,Deskripsi Topik Pelatihan atau Kursus,Biaya atau Harga
Bootcamp,Digital Marketing,"Riset Pasar, Copywriting, Digital Public Relation, Media Sosial, SEO, SEM, CRM, Marketplace",Rp15.000.000
Bootcamp,Network Engineering,"TCP/IP, Routing, Cisco, Mikrotik, Linux",Rp15.000.000
Bootcamp,Web Development/Fullstack,"HTML, CSS,  UI/UX, JavaScript, React JS, PHP, MySQL, Laravel, API",Rp15.000.000
Bootcamp,Mobile Programming/Flutter,"Programming Fundamental, UI/UX, Dart, Flutter, Laravel, API",Rp15.000.000
Bootcamp,Codeless Data Science with KNIME,"KNIME (Nocode) Analytics Platform, Machine Learning with KNIME, Deep Learning",Rp15.000.000
Bootcamp,DevOps Engineer,"Pengantar DevOps, Git/Github, Linux, Docker, Kubernetes, Grafana, Workflow Automation",Rp15.000.000
Bootcamp,AI for Business,"Penggunaan GenAI, Otomasi dengan n8n, Pengembangan AI Agent tanpa Koding",Rp15.000.000
Bootcamp,Cyber Security,"Pengantar Keamanan Jaringan, Keamanan Web, dan Keamanan Siber lainnya.",Rp15.000.000
Skill Up,Video Editing dan Youtube Content Creator,"Video recording, video editing, Youtube Channel Admin, Youtube SEO.",Rp1.700.000
Skill Up,Python Programming,Dasar-dasar pemrograman bahasa python.,Rp3.500.000
Skill Up,PHP Programming,Dasar-dasar pemrograman bahasa PHP.,Rp3.000.000
Skill Up,Laravel Framework,Pengembangan web dengan PHP dan Laravel,Rp3.500.000
Skill Up,Linux System dan Network Administration,"Linux Basic, System Admin, Network Admin, Security",Rp2.000.000
Skill Up,Mikrotik Network ,"RouterOS, Routing, Wireless Network",Rp3.500.000
Skill Up,SNI ISO/IEC 27001:2022,"Sistem Manajemen Keamanan Informasi (SMKI), Cyber Security, Perlindungan Data Pribadi (PDP)",Rp3.000.000
Skill Up,Office Application (MS Office),"MS Word, MS Excel, MS PowerPoint atau Google Workspace",Rp2.000.000
Skill Up,Digital Marketing - Web dan SEO,"Pembuatan web, setup SEO, pembuatan konten, audit SEO dengan Google Search Console",Rp2.000.000
Skill Up,Generative AI dan Prompt Engineering,"Gen AI, prompt engineering, dan teknik prompt untuk pembuatan konten pemasaran, analisis keuangan, dan manajemen SDM.",Rp3.000.000
,, ,